{
    "gpt-4o": {
        "accuracy": 0.9661971830985916
    },
    "o1-preview": {
        "accuracy": 0.9124293785310734
    },
    "gemini-1.5-flash": {
        "accuracy": 0.9042253521126761
    },
    "gemini-1.5-pro": {
        "accuracy": 0.9380281690140845
    },
    "claude-3-5-haiku-20241022": {
        "accuracy": 0.7774647887323943
    },
    "claude-3-5-sonnet-20241022": {
        "accuracy": 0.9746478873239437
    },
    "meta-llama/Llama-3.2-3B-Instruct": {
        "accuracy": 0.4322033898305085
    },
    "meta-llama/Llama-3.1-70B-Instruct": {
        "accuracy": 0.9154929577464789
    }
}