{
    "gpt-4o": {
        "accuracy": 0.8545454545454545,
        "f1": 0.7953186972794817
    },
    "o1-preview": {
        "accuracy": 0.9272727272727272,
        "f1": 0.8765432098765432
    },
    "gemini-1.5-flash": {
        "accuracy": 0.7272727272727273,
        "f1": 0.6830917874396135
    },
    "gemini-1.5-pro": {
        "accuracy": 0.9090909090909091,
        "f1": 0.8626381662801146
    },
    "claude-3-5-haiku-20241022": {
        "accuracy": 0.5454545454545454,
        "f1": 0.5428571428571428
    },
    "claude-3-5-sonnet-20241022": {
        "accuracy": 0.8363636363636363,
        "f1": 0.7745289148797921
    },
    "meta-llama/Llama-3.2-3B-Instruct": {
        "accuracy": 0.5,
        "f1": 0.33233830845771145
    },
    "meta-llama/Llama-3.1-70B-Instruct": {
        "accuracy": 0.8181818181818182,
        "f1": 0.7579185520361991
    }
}