{
    "gpt-4o": {
        "exact_match": 0.5,
        "f1_m": 0.7965665777521443,
        "f1_a": 0.7723270440251573
    },
    "o1-preview": {
        "exact_match": 0.5567010309278351,
        "f1_m": 0.8203796203796203,
        "f1_a": 0.8086642599277978
    },
    "gemini-1.5-flash": {
        "exact_match": 0.5154639175257731,
        "f1_m": 0.8086721268422297,
        "f1_a": 0.7931456548347613
    },
    "gemini-1.5-pro": {
        "exact_match": 0.5979381443298969,
        "f1_m": 0.8507257776587669,
        "f1_a": 0.8463302752293578
    },
    "claude-3-5-haiku-20241022": {
        "exact_match": 0.5803108808290155,
        "f1_m": 0.8466626350046039,
        "f1_a": 0.8615751789976134
    },
    "claude-3-5-sonnet-20241022": {
        "exact_match": 0.5360824742268041,
        "f1_m": 0.8220611576281678,
        "f1_a": 0.7980416156670747
    },
    "meta-llama/Llama-3.2-3B-Instruct": {
        "exact_match": 0.3247422680412371,
        "f1_m": 0.6936125443857403,
        "f1_a": 0.6816479400749064
    },
    "meta-llama/Llama-3.1-70B-Instruct": {
        "exact_match": 0.5773195876288659,
        "f1_m": 0.8414710289710289,
        "f1_a": 0.8271752085816448
    }
}