{
    "gpt-4o": {
        "exact_match": 0.76,
        "f1": 0.8227906166056155
    },
    "o1-preview": {
        "exact_match": 0.7497477295660948,
        "f1": 0.8175099706885771
    },
    "gemini-1.5-flash": {
        "exact_match": 0.6786786786786787,
        "f1": 0.7355629441577148
    },
    "gemini-1.5-pro": {
        "exact_match": 0.7807807807807807,
        "f1": 0.8311478144811472
    },
    "claude-3-5-haiku-20241022": {
        "exact_match": 0.651,
        "f1": 0.7023866536779095
    },
    "claude-3-5-sonnet-20241022": {
        "exact_match": 0.576,
        "f1": 0.6211959683341806
    },
    "meta-llama/Llama-3.2-3B-Instruct": {
        "exact_match": 0.08408408408408409,
        "f1": 0.11606921889933688
    },
    "meta-llama/Llama-3.1-70B-Instruct": {
        "exact_match": 0.713,
        "f1": 0.763921957671957
    }
}