{	
     "gpt-4o": {
        "Rouge": {
            "rouge1": 0.3454241913604377,
            "rouge2": 0.13366655043845505,
            "rougeL": 0.30384985005568266,
            "rougeLsum": 0.30405290640480664
        },
        "QG-Metrik": {
            "accuracy": 0.491
        },
        "Final_scores": {
            "Average_Rouge": 27.174837456484553,
            "QG_metric_norm": 49.1,
            "Overall_Score": 38.13741872824228
        }
    },
    "o1-preview": {
        "Rouge": {
            "rouge1": 0.306880837394346,
            "rouge2": 0.11672547668590086,
            "rougeL": 0.26479907084227955,
            "rougeLsum": 0.2655837607181159
        },
        "QG-Metrik": {
            "accuracy": 0.614
        },
        "Final_scores": {
            "Average_Rouge": 23.84972864101606,
            "QG_metric_norm": 61.4,
            "Overall_Score": 42.62486432050803
        }
    },
    "gemini-1.5-flash": {
        "Rouge": {
            "rouge1": 0.28199263285842213,
            "rouge2": 0.0922223456734592,
            "rougeL": 0.24310783273791883,
            "rougeLsum": 0.243025141042142
        },
        "QG-Metrik": {
            "accuracy": 0.422
        },
        "Final_scores": {
            "Average_Rouge": 21.508698807798552,
            "QG_metric_norm": 42.199999999999996,
            "Overall_Score": 31.854349403899274
        }
    },
    "gemini-1.5-pro": {
        "Rouge": {
            "rouge1": 0.2949278960656161,
            "rouge2": 0.09974020053635944,
            "rougeL": 0.25707419756548766,
            "rougeLsum": 0.25703317211974047
        },
        "QG-Metrik": {
            "accuracy": 0.42
        },
        "Final_scores": {
            "Average_Rouge": 22.71938665718009,
            "QG_metric_norm": 42.0,
            "Overall_Score": 32.35969332859005
        }
    },
    "claude-3-5-haiku-20241022": {
        "Rouge": {
            "rouge1": 0.3141804998643957,
            "rouge2": 0.10921773798457923,
            "rougeL": 0.2774806836938485,
            "rougeLsum": 0.2772683894876794
        },
        "QG-Metrik": {
            "accuracy": 0.286
        },
        "Final_scores": {
            "Average_Rouge": 24.453682775762573,
            "QG_metric_norm": 28.599999999999998,
            "Overall_Score": 26.526841387881284
        }
    },
    "claude-3-5-sonnet-20241022": {
        "Rouge": {
            "rouge1": 0.31293458474437535,
            "rouge2": 0.10689329104996054,
            "rougeL": 0.2736701438065614,
            "rougeLsum": 0.2740875317365802
        },
        "QG-Metrik": {
            "accuracy": 0.704
        },
        "Final_scores": {
            "Average_Rouge": 24.189638783436937,
            "QG_metric_norm": 70.39999999999999,
            "Overall_Score": 47.29481939171846
        }
    },
    "meta-llama/Llama-3.2-3B-Instruct": {
        "Rouge": {
            "rouge1": 0.29661498988061846,
            "rouge2": 0.08858067548612486,
            "rougeL": 0.2578649546789791,
            "rougeLsum": 0.25744811059516004
        },
        "QG-Metrik": {
            "accuracy": 0.222
        },
        "Final_scores": {
            "Average_Rouge": 22.512718266022063,
            "QG_metric_norm": 22.2,
            "Overall_Score": 22.356359133011033
        }
    },
    "meta-llama/Llama-3.1-70B-Instruct": {
        "Rouge": {
            "rouge1": 0.3037556650532981,
            "rouge2": 0.09811652121665174,
            "rougeL": 0.26307924408370587,
            "rougeLsum": 0.26304016168473265
        },
        "QG-Metrik": {
            "accuracy": 0.268
        },
        "Final_scores": {
            "Average_Rouge": 23.199789800959707,
            "QG_metric_norm": 26.8,
            "Overall_Score": 24.999894900479852
        }
    }
}