{
    "gpt-4o": {
        "exact_match": 72.9,
        "f1": 36.129686812299056
    },
    "o1-preview": {
        "exact_match": 68.8,
        "f1": 39.786253930309385
    },
    "gemini-1.5-flash": {
        "exact_match": 34.83483483483484,
        "f1": 41.967220338730776
    },
    "gemini-1.5-pro": {
        "exact_match": 40.0,
        "f1": 45.13862312374665
    },
    "claude-3-5-haiku-20241022": {
        "exact_match": 64.4,
        "f1": 39.116879666731386
    },
    "claude-3-5-sonnet-20241022": {
        "exact_match": 67.1,
        "f1": 41.78823439012837
    },
    "meta-llama/Llama-3.2-3B-Instruct": {
        "exact_match": 52.3,
        "f1": 37.06581358077471
    },
    "meta-llama/Llama-3.1-70B-Instruct": {
        "exact_match": 64.4,
        "f1": 43.297338619270604
    }
}