{
    "gpt-4o": {
        "task_scores": {
            "axb": 69.26288997114656,
            "axg": 96.61971830985917,
            "boolq": 90.0,
            "cb": 82.49320759124682,
            "copa": 100.0,
            "multirc": 68.96312072591006,
            "record": 79.13953083028078,
            "rte": 89.4927536231884,
            "wic": 74.72527472527473,
            "wsc": 66.99029126213593
        },
        "overall_score": 81.76867870390424
    },
    "o1-preview": {
        "task_scores": {
            "axb": 77.7877088694945,
            "axg": 91.24293785310734,
            "boolq": 86.97394789579158,
            "cb": 90.19079685746351,
            "copa": 97.87234042553192,
            "multirc": 72.85816370784177,
            "record": 78.3628850127336,
            "rte": 89.01098901098901,
            "wic": 78.04107424960506,
            "wsc": 89.2156862745098
        },
        "overall_score": 85.1556530157068
    },
    "gemini-1.5-flash": {
        "task_scores": {
            "axb": 63.94133780927837,
            "axg": 90.4225352112676,
            "boolq": 90.4,
            "cb": 70.51822573561704,
            "copa": 96.96969696969697,
            "multirc": 70.57605664009215,
            "record": 70.71208114181968,
            "rte": 86.59420289855072,
            "wic": 68.28885400313972,
            "wsc": 58.252427184466015
        },
        "overall_score": 76.66754175939283
    },
    "gemini-1.5-pro": {
        "task_scores": {
            "axb": 64.57333153019135,
            "axg": 93.80281690140845,
            "boolq": 91.10000000000001,
            "cb": 88.5864537685512,
            "copa": 98.98989898989899,
            "multirc": 76.49980657393405,
            "record": 80.5964297630964,
            "rte": 88.40579710144928,
            "wic": 69.5447409733124,
            "wsc": 60.19417475728155
        },
        "overall_score": 81.22934503591236
    },
    "claude-3-5-haiku-20241022": {
        "task_scores": {
            "axb": 58.84975756657086,
            "axg": 77.74647887323944,
            "boolq": 88.8659793814433,
            "cb": 54.415584415584405,
            "copa": 97.97979797979798,
            "multirc": 76.28495649437443,
            "record": 67.66933268389548,
            "rte": 82.1969696969697,
            "wic": 69.5447409733124,
            "wsc": 62.13592233009708
        },
        "overall_score": 73.56895203952851
    },
    "claude-3-5-sonnet-20241022": {
        "task_scores": {
            "axb": 71.81881513001133,
            "axg": 97.46478873239437,
            "boolq": 90.5,
            "cb": 80.54462756217143,
            "copa": 98.98989898989899,
            "multirc": 71.87284158406823,
            "record": 59.85979841670903,
            "rte": 89.13043478260869,
            "wic": 77.55102040816327,
            "wsc": 78.64077669902912
        },
        "overall_score": 81.63730023050543
    },
    "meta-llama/Llama-3.2-3B-Instruct": {
        "task_scores": {
            "axb": -3.561523164330001,
            "axg": 43.22033898305085,
            "boolq": 80.10000000000001,
            "cb": 41.61691542288557,
            "copa": 73.73737373737373,
            "multirc": 56.666758416729465,
            "record": 10.00766514917105,
            "rte": 25.818181818181817,
            "wic": 53.218210361067506,
            "wsc": 50.0
        },
        "overall_score": 43.082392072413
    },
    "meta-llama/Llama-3.1-70B-Instruct": {
        "task_scores": {
            "axb": 65.75789545766298,
            "axg": 91.54929577464789,
            "boolq": 91.10000000000001,
            "cb": 78.80501851090087,
            "copa": 97.97979797979798,
            "multirc": 74.86552750605132,
            "record": 73.84609788359785,
            "rte": 85.86956521739131,
            "wic": 70.48665620094191,
            "wsc": 50.48543689320388
        },
        "overall_score": 78.0745291424196
    }
}