{
    "gpt-4o": {
        "accuracy": 0.7472527472527473
    },
    "o1-preview": {
        "accuracy": 0.7804107424960506
    },
    "gemini-1.5-flash": {
        "accuracy": 0.6828885400313972
    },
    "gemini-1.5-pro": {
        "accuracy": 0.695447409733124
    },
    "claude-3-5-haiku-20241022": {
        "accuracy": 0.695447409733124
    },
    "claude-3-5-sonnet-20241022": {
        "accuracy": 0.7755102040816326
    },
    "meta-llama/Llama-3.2-3B-Instruct": {
        "accuracy": 0.5321821036106751
    },
    "meta-llama/Llama-3.1-70B-Instruct": {
        "accuracy": 0.7048665620094191
    }
}