{
    "gpt-4o": {
        "accuracy": 0.6699029126213593
    },
    "o1-preview": {
        "accuracy": 0.8921568627450981
    },
    "gemini-1.5-flash": {
        "accuracy": 0.5825242718446602
    },
    "gemini-1.5-pro": {
        "accuracy": 0.6019417475728155
    },
    "claude-3-5-haiku-20241022": {
        "accuracy": 0.6213592233009708
    },
    "claude-3-5-sonnet-20241022": {
        "accuracy": 0.7864077669902912
    },
    "meta-llama/Llama-3.2-3B-Instruct": {
        "accuracy": 0.5
    },
    "meta-llama/Llama-3.1-70B-Instruct": {
        "accuracy": 0.5048543689320388
    }
}