{
    "gpt-4o": {
        "accuracy": 0.8545454545454545,
        "f1": 0.7953186972794817
    },
    "o1-preview": {
        "accuracy": 0.8727272727272727,
        "f1": 0.8141923436041084
    },
    "gemini-1.5-flash": {
        "accuracy": 0.7090909090909091,
        "f1": 0.6706552706552706
    },
    "gemini-1.5-pro": {
        "accuracy": 0.9090909090909091,
        "f1": 0.854147948487571
    },
    "claude-3-5-sonnet-20241022": {
        "accuracy": 0.8363636363636363,
        "f1": 0.7745289148797921
    },
    "meta-llama/Llama-3.2-3B-Instruct": {
        "accuracy": 0.509090909090909,
        "f1": 0.34314911926852226
    },
    "meta-llama/Llama-3.1-70B-Instruct": {
        "accuracy": 0.8181818181818182,
        "f1": 0.7579185520361991
    }
}