{
    "gpt-4o": {
        "exact_match": 0.5103092783505154,
        "f1_m": 0.7853993372034607,
        "f1_a": 0.7581863979848866
    },
    "o1-preview": {
        "exact_match": 0.5515463917525774,
        "f1_m": 0.8168815434279351,
        "f1_a": 0.8019323671497585
    },
    "gemini-1.5-flash": {
        "exact_match": 0.520618556701031,
        "f1_m": 0.8088255387224454,
        "f1_a": 0.7936507936507936
    },
    "gemini-1.5-pro": {
        "exact_match": 0.6030927835051546,
        "f1_m": 0.8522701239196079,
        "f1_a": 0.847651775486827
    },
    "claude-3-5-sonnet-20241022": {
        "exact_match": 0.5412371134020618,
        "f1_m": 0.8259107730757212,
        "f1_a": 0.800976800976801
    },
    "meta-llama/Llama-3.2-3B-Instruct": {
        "exact_match": 0.3247422680412371,
        "f1_m": 0.6936125443857403,
        "f1_a": 0.6816479400749064
    },
    "meta-llama/Llama-3.1-70B-Instruct": {
        "exact_match": 0.5773195876288659,
        "f1_m": 0.8406364683426537,
        "f1_a": 0.8253588516746412
    }
}