{
    "gpt-4o": {
        "exact_match": 0.759,
        "f1": 0.8261584737484725
    },
    "o1-preview": {
        "exact_match": 0.7381193124368048,
        "f1": 0.8048028311425675
    },
    "gemini-1.5-flash": {
        "exact_match": 0.6763527054108216,
        "f1": 0.7318958512786876
    },
    "gemini-1.5-pro": {
        "exact_match": 0.7695390781563126,
        "f1": 0.821426185704742
    },
    "claude-3-5-sonnet-20241022": {
        "exact_match": 0.5725725725725725,
        "f1": 0.618821315774192
    },
    "meta-llama/Llama-3.2-3B-Instruct": {
        "exact_match": 0.08408408408408409,
        "f1": 0.11606921889933688
    },
    "meta-llama/Llama-3.1-70B-Instruct": {
        "exact_match": 0.711,
        "f1": 0.7619695767195761
    }
}