{
    "gpt-4o": {
        "accuracy": 0.894927536231884
    },
    "o1-preview": {
        "accuracy": 0.8929889298892989
    },
    "gemini-1.5-flash": {
        "accuracy": 0.8623188405797102
    },
    "gemini-1.5-pro": {
        "accuracy": 0.8876811594202898
    },
    "claude-3-5-sonnet-20241022": {
        "accuracy": 0.8985507246376812
    },
    "meta-llama/Llama-3.2-3B-Instruct": {
        "accuracy": 0.2572463768115942
    },
    "meta-llama/Llama-3.1-70B-Instruct": {
        "accuracy": 0.8623188405797102
    }
}