{
    "gpt-4o": {
        "task_scores": {
            "axb": 68.14339584894189,
            "axg": 96.05633802816902,
            "boolq": 90.0,
            "cb": 82.49320759124682,
            "copa": 100.0,
            "multirc": 68.46316711796209,
            "record": 79.25792368742363,
            "rte": 89.4927536231884,
            "wic": 74.09733124018838,
            "wsc": 70.87378640776699
        },
        "overall_score": 81.88779035448871
    },
    "o1-preview": {
        "task_scores": {
            "axb": 77.74351373284777,
            "axg": 92.37288135593221,
            "boolq": 87.4749498997996,
            "cb": 84.34598081656905,
            "copa": 100.0,
            "multirc": 72.34534341100903,
            "record": 77.14610717896862,
            "rte": 89.2988929889299,
            "wic": 77.91798107255521,
            "wsc": 90.29126213592234
        },
        "overall_score": 84.89369125925337
    },
    "gemini-1.5-flash": {
        "task_scores": {
            "axb": 64.35480244123269,
            "axg": 90.14084507042254,
            "boolq": 90.2,
            "cb": 68.98730898730898,
            "copa": 96.96969696969697,
            "multirc": 70.76982963580899,
            "record": 70.41242783447545,
            "rte": 86.23188405797102,
            "wic": 68.28885400313972,
            "wsc": 57.28155339805825
        },
        "overall_score": 76.36372023981146
    },
    "gemini-1.5-pro": {
        "task_scores": {
            "axb": 65.47459610517392,
            "axg": 94.36619718309859,
            "boolq": 91.10000000000001,
            "cb": 88.16194287892401,
            "copa": 98.98989898989899,
            "multirc": 76.76715609705299,
            "record": 79.54826319305272,
            "rte": 88.76811594202898,
            "wic": 69.85871271585557,
            "wsc": 60.19417475728155
        },
        "overall_score": 81.32290578623673
    },
    "claude-3-5-sonnet-20241022": {
        "task_scores": {
            "axb": 72.33794413624554,
            "axg": 97.46478873239437,
            "boolq": 90.47141424272819,
            "cb": 80.54462756217143,
            "copa": 98.98989898989899,
            "multirc": 72.2708229151528,
            "record": 59.569694417338226,
            "rte": 89.85507246376811,
            "wic": 77.51572327044025,
            "wsc": 76.69902912621359
        },
        "overall_score": 81.57190158563517
    },
    "meta-llama/Llama-3.2-3B-Instruct": {
        "task_scores": {
            "axb": -3.561523164330001,
            "axg": 43.22033898305085,
            "boolq": 80.10000000000001,
            "cb": 42.61200141797157,
            "copa": 73.73737373737373,
            "multirc": 56.666758416729465,
            "record": 10.00766514917105,
            "rte": 25.724637681159418,
            "wic": 53.218210361067506,
            "wsc": 50.0
        },
        "overall_score": 43.17254625821936
    },
    "meta-llama/Llama-3.1-70B-Instruct": {
        "task_scores": {
            "axb": 66.04232015773607,
            "axg": 91.26760563380282,
            "boolq": 91.0,
            "cb": 78.80501851090087,
            "copa": 97.97979797979798,
            "multirc": 74.77716358820535,
            "record": 73.6484788359788,
            "rte": 86.23188405797102,
            "wic": 70.6436420722135,
            "wsc": 51.45631067961165
        },
        "overall_score": 78.18522215162182
    }
}