{
    "gpt-4o": {
        "accuracy": 0.7087378640776699
    },
    "o1-preview": {
        "accuracy": 0.9029126213592233
    },
    "gemini-1.5-flash": {
        "accuracy": 0.5728155339805825
    },
    "gemini-1.5-pro": {
        "accuracy": 0.6019417475728155
    },
    "claude-3-5-sonnet-20241022": {
        "accuracy": 0.7669902912621359
    },
    "meta-llama/Llama-3.2-3B-Instruct": {
        "accuracy": 0.5
    },
    "meta-llama/Llama-3.1-70B-Instruct": {
        "accuracy": 0.5145631067961165
    }
}